slug,filename,source_url,license,attribution,date_added
hypertension,1.jpg,https://commons.wikimedia.org/wiki/File:Blood_pressure_monitoring.jpg,CC0,"via Wikimedia Commons, rawpixel.com",2026-10-07
hypertension,2.jpg,https://commons.wikimedia.org/wiki/File:Blood_pressure_measure_with_Sphygmomanometer.jpg,CC-BY-SA 3.0,"via Wikimedia Commons, YVSREDDY",2026-10-07
hypertension,3.jpg,https://commons.wikimedia.org/wiki/File:Doctor_takes_blood_pressure.jpg,Public Domain,"via Wikimedia Commons, Bill Branson / NIH (National Cancer Institute)",2026-10-07
hypertension,4.jpg,https://commons.wikimedia.org/wiki/File:Nurse_checks_blood_pressure.jpg,Public Domain,"via Wikimedia Commons, Linda Bartlett / National Cancer Institute",2026-10-07
diabetes-type-2,1.jpg,https://commons.wikimedia.org/wiki/File:Glucometer002.jpg,CC-BY-SA 3.0,"via Wikimedia Commons, Krzysztof P. Jasiutowicz",2026-10-07
diabetes-type-2,2.jpg,https://commons.wikimedia.org/wiki/File:Glucometer01.JPG,Public Domain,"via Wikimedia Commons, PerPlex",2026-10-07
diabetes-type-2,3.jpg,https://commons.wikimedia.org/wiki/File:(20250417)_Blood_glucose_meter_01.jpg,CC-BY-SA 4.0,"via Wikimedia Commons, Roy Zuo (RoyZuoMedia)",2026-10-07
diabetes-type-2,4.jpg,https://commons.wikimedia.org/wiki/File:Mendor_Discreet_All-in-one_Blood_Glucose_Meter.jpg,CC-BY-SA 3.0,"via Wikimedia Commons, Mendor Ltd",2026-10-07
migraine,1.jpg,https://commons.wikimedia.org/wiki/File:MRI_brain.jpg,Public Domain,"via Wikimedia Commons, NASA (PD-USGov-NASA)",2026-10-07
migraine,2.jpg,https://commons.wikimedia.org/wiki/File:Mri_brain_side_view.jpg,CC-BY,"via Wikimedia Commons, Oliver Stollmann",2026-10-07
migraine,3.jpg,https://commons.wikimedia.org/wiki/File:MRI_T2_Brain_axial_image.jpg,CC-BY-SA 3.0,"via Wikimedia Commons, Aaron G. Filler (Afiller)",2026-10-07
migraine,4.jpg,https://commons.wikimedia.org/wiki/File:FMRI_Brain_Scan.jpg,CC-BY-SA 3.0,"via Wikimedia Commons, DrOONeil",2026-10-07
acne,1.jpg,https://commons.wikimedia.org/wiki/File:0601_Acne_Vulgaris.jpg,CC-BY 4.0,"via Wikimedia Commons, Dr.Gandikota Raghurama Rao",2026-10-07
acne,2.jpg,https://commons.wikimedia.org/wiki/File:0602_Acne_Vulgaris.jpg,CC-BY 4.0,"via Wikimedia Commons, Dr.Gandikota Raghurama Rao",2026-10-07
acne,3.jpg,https://commons.wikimedia.org/wiki/File:0604_Acne_Vulgaris_on_the_chest.jpg,CC-BY 4.0,"via Wikimedia Commons, Dr.Gandikota Raghurama Rao",2026-10-07
acne,4.jpg,https://commons.wikimedia.org/wiki/File:AcneVulgarisUSMIL.jpg,Public Domain,"via Wikimedia Commons, U.S. military (PD-USGov-Military)",2026-10-07
psoriasis,1.jpg,https://commons.wikimedia.org/wiki/File:Psoriasis_on_back.jpg,CC-BY-SA 3.0,"via Wikimedia Commons, Marnanel",2026-10-07
psoriasis,2.jpg,https://commons.wikimedia.org/wiki/File:Psoriasis_on_elbow.jpg,CC-BY 3.0,"via Wikimedia Commons, Haley Otman",2026-10-07
psoriasis,3.jpg,https://commons.wikimedia.org/wiki/File:Psoriasis_manum.jpg,Public Domain,"via Wikimedia Commons, George Henry Fox",2026-10-07
psoriasis,4.jpg,https://commons.wikimedia.org/wiki/File:Guttate_psoriasis_on_the_flanks.jpg,CC0,"via Wikimedia Commons, Clyde.Barroww",2026-10-07
eczema,1.jpg,https://commons.wikimedia.org/wiki/File:Atopic_dermatitis_child_1.jpg,CC-BY-SA 4.0,"via Wikimedia Commons, Gzzz",2026-10-07
eczema,2.jpg,https://commons.wikimedia.org/wiki/File:Atopic_dermatitis_child_2.jpg,CC-BY-SA 4.0,"via Wikimedia Commons, Gzzz",2026-10-07
eczema,3.jpg,https://commons.wikimedia.org/wiki/File:Dermatitis_atopica_01.JPG,CC-BY-SA 3.0,"via Wikimedia Commons, AfroBrazilian",2026-10-07
eczema,4.jpg,https://commons.wikimedia.org/wiki/File:Flaking_rash.jpg,CC-BY 3.0,"via Wikimedia Commons, Pitke",2026-10-07
alopecia-areata,1.jpg,https://commons.wikimedia.org/wiki/File:Alopecia_areata_1.jpg,CC-BY-4.0,"Thirunavukkarasye-Raveendran, via Wikimedia Commons",2026-10-07
alopecia-areata,2.jpg,https://commons.wikimedia.org/wiki/File:Alopecia_areata_2.jpg,CC-BY-4.0,"Thirunavukkarasye-Raveendran, via Wikimedia Commons",2026-10-07
alopecia-areata,3.jpg,https://commons.wikimedia.org/wiki/File:Alopecia_areata_0001.jpg,CC-BY-2.0,"Carolyn P Speranza, via Wikimedia Commons",2026-10-07
alopecia-areata,4.jpg,https://commons.wikimedia.org/wiki/File:Alopecia_areata_in_beard.jpg,CC-BY-SA-3.0,"Alborz Fallah, via Wikimedia Commons",2026-10-07
vitiligo,1.jpg,"https://commons.wikimedia.org/wiki/File:Man_with_vitiligo,_1F5A4562.jpg",CC-BY-SA-4.0,"Devlish666, via Wikimedia Commons",2026-10-07
vitiligo,2.jpg,https://commons.wikimedia.org/wiki/File:Vitiligo_on_hand.jpg,CC-BY-SA-4.0,"Simone Trovato Monastra, via Wikimedia Commons",2026-10-07
vitiligo,3.jpg,https://commons.wikimedia.org/wiki/File:Vitiligo_segmentar.jpg,CC-BY-SA-4.0,"La Verdad, via Wikimedia Commons",2026-10-07
vitiligo,4.jpg,https://commons.wikimedia.org/wiki/File:Focal-vitiligo.jpg,CC-BY-SA-4.0,"Ahmed; Tamara Abrantes; John E. Harris, MD, PhD; Vitiligo Cover, via Wikimedia Commons",2026-10-07
conjunctivitis,1.jpg,https://commons.wikimedia.org/wiki/File:Pinkeye_NIH.jpg,Public Domain,"CDC/NIH (U.S. federal government work), via Wikimedia Commons",2026-10-07
conjunctivitis,2.jpg,https://commons.wikimedia.org/wiki/File:Viral_conjunctivitis.jpg,CC-BY-SA-4.0,"Microrao, via Wikimedia Commons",2026-10-07
conjunctivitis,3.jpg,https://commons.wikimedia.org/wiki/File:Conjunctivitis.jpg,Public Domain,"CDC/Arthur E. Kaye, via Wikimedia Commons",2026-10-07
conjunctivitis,4.jpg,https://commons.wikimedia.org/wiki/File:Allergicconjunctivitis.jpg,CC-BY-SA-4.0,"James Heilman, MD, via Wikimedia Commons",2026-10-07
ankylosing-spondylitis,1.jpg,https://commons.wikimedia.org/wiki/File:Ankylosing_spondylitis_lumbar_spine.jpg,Public Domain,"Glitzy_queen00, via Wikimedia Commons",2026-10-07
ankylosing-spondylitis,2.jpg,https://commons.wikimedia.org/wiki/File:Bamboo_spine_ankylosing_spondylitis.jpg,CC-BY-SA-3.0,"Stevenfruitsmaak, via Wikimedia Commons",2026-10-07
ankylosing-spondylitis,3.jpg,https://commons.wikimedia.org/wiki/File:Ankylosing_spondylitis_of_lumbosacral_spine.png,CC-BY-SA-4.0,"Cerevisae, via Wikimedia Commons",2026-10-07
ankylosing-spondylitis,4.jpg,https://commons.wikimedia.org/wiki/File:M.Bechterew.jpg,CC-BY-SA-3.0,"Lucien Monfils, via Wikimedia Commons",2026-10-07
anxiety-neurosis,1.jpg,https://commons.wikimedia.org/wiki/File:Health_consultation.jpg,CC-BY-SA-4.0,"Knowledge and philosophy, via Wikimedia Commons",2026-10-07
anxiety-neurosis,2.jpg,"https://commons.wikimedia.org/wiki/File:Patient_at_doctor's_office_waiting_for_a_consultation.jpg",CC0,"Courtney Elizabeth, via Wikimedia Commons",2026-10-07
anxiety-neurosis,3.jpg,https://commons.wikimedia.org/wiki/File:Doctor_working_in_her_office_while_using_a_computer_and_taking_notes_during_a_consultation_with_a_patient.jpg,CC-BY-2.0,"Shixart1985, via Wikimedia Commons",2026-10-07
anxiety-neurosis,4.jpg,"https://commons.wikimedia.org/wiki/File:Therapy_Room_at_Resilient_Mind_Therapies,_Leicester.jpg",CC-BY-SA-4.0,"RMtherapies, via Wikimedia Commons",2026-10-07
aplastic-anemia,1.jpg,"https://commons.wikimedia.org/wiki/File:NABL_Accredited_Pathology_Lab_and_Diagnostic_Centre_in_Kharghar,_Navi_Mumbai_-_Full_Body_Checkup,_CBC,_Thyroid_Blood_Test_and_Home_Blood_Collection.jpg",CC-BY-4.0,"Goleisureintl, via Wikimedia Commons",2026-10-07
aplastic-anemia,2.jpg,https://commons.wikimedia.org/wiki/File:Complete_blood_count_and_differential.jpg,CC-BY-SA-4.0,"SpicyMilkBoy, via Wikimedia Commons",2026-10-07
aplastic-anemia,3.jpg,https://commons.wikimedia.org/wiki/File:Blood_draw_by_Limb_Reduction_Defect_phlebotomist.jpg,CC-BY-SA-4.0,"Bobjgalindo, via Wikimedia Commons",2026-10-07
aplastic-anemia,4.jpg,https://commons.wikimedia.org/wiki/File:Bone_Marrow_Biopsy_Needles.jpg,CC-BY-SA-2.0,"Thirteen Of Clubs, via Wikimedia Commons",2026-10-07
appendicitis,1.jpg,https://commons.wikimedia.org/wiki/File:Abdominal_ultrasound_examination.jpg,Public Domain,"JoAnn Moravac / U.S. Army, via Wikimedia Commons",2026-10-07
appendicitis,2.jpg,"https://commons.wikimedia.org/wiki/File:McBurney's_point.jpg",CC-BY-SA-3.0,"Steven Fruitsmaak, via Wikimedia Commons",2026-10-07
appendicitis,3.jpg,https://commons.wikimedia.org/wiki/File:Female_abdomen_exam.png,CC-BY-SA-4.0,"Raiyan1998, via Wikimedia Commons",2026-10-07
asthma,1.jpg,"https://commons.wikimedia.org/wiki/File:Adult_Using_an_Asthma_Inhaler_(29251369035).jpg",CC-BY-2.0,"NIAID, via Wikimedia Commons",2026-10-07
asthma,2.jpg,https://commons.wikimedia.org/wiki/File:How_to_use_your_metered-dose_inhaler.jpg,CC-BY-2.5,"National Heart Lung and Blood Institute (NIH), via Wikimedia Commons",2026-10-07
asthma,3.jpg,https://commons.wikimedia.org/wiki/File:Treating_Kids_with_Asthma.jpg,Public Domain,"U.S. Food and Drug Administration, via Wikimedia Commons",2026-10-07
asthma,4.jpg,"https://commons.wikimedia.org/wiki/File:Treating_Kids_with_Asthma_(5)_(7163885241).jpg",Public Domain,"U.S. Food and Drug Administration, via Wikimedia Commons",2026-10-07
abscess-boils,1.jpg,https://commons.wikimedia.org/wiki/File:Cutaneous_abscess_MRSA_staphylococcus_aureus_7826_lores.jpg,Public Domain,"via Wikimedia Commons, CDC/Bruno Coignard M.D.; Jeff Hageman M.H.S. (PHIL #7826)",2026-10-07
abscess-boils,2.jpg,https://commons.wikimedia.org/wiki/File:Five_day_old_Abscess.jpg,CC-BY-SA 3.0,"via Wikimedia Commons, Amrith Raj",2026-10-07
abscess-boils,3.jpg,https://commons.wikimedia.org/wiki/File:HumeralAbscess.jpg,CC-BY-SA 3.0,"via Wikimedia Commons, Guyprocter",2026-10-07
abscess-boils,4.jpg,https://commons.wikimedia.org/wiki/File:Post_aural_abcess.jpg,CC-BY-SA 4.0,"via Wikimedia Commons, Netha Hussain",2026-10-07
acanthosis-nigricans,1.jpg,https://commons.wikimedia.org/wiki/File:Acanthosis-nigricans4.jpg,CC-BY-SA 3.0,"via Wikimedia Commons, Madhero88",2026-10-07
acne-rosacea,1.jpg,https://commons.wikimedia.org/wiki/File:Rosacea.jpg,CC-BY 2.5,"via Wikimedia Commons, Michael Sand, Daniel Sand, Christina Thrandorf, Volker Paech, Peter Altmeyer, Falk G Bechara",2026-10-07
acromegaly,1.jpg,https://commons.wikimedia.org/wiki/File:Acromegaly_hands.JPEG,CC-BY 2.0,"via Wikimedia Commons, Philippe Chanson and Sylvie Salenave",2026-10-07
adenoids,1.jpg,https://commons.wikimedia.org/wiki/File:Prominente_Rachenmandel_im_MRT_17M_-_MR_T2_T1_axial_T2_FLAIR_sagittal_-_001.jpg,CC-BY-SA 4.0,"Hellerhoff, via Wikimedia Commons",2026-10-07
adenoids,2.jpg,https://commons.wikimedia.org/wiki/File:Gray994-adenoid.png,Public Domain,"Henry Vandyke Carter, via Wikimedia Commons",2026-10-07
adenoids,3.jpg,https://commons.wikimedia.org/wiki/File:Adenoids_(PSF).png,Public Domain,"Pearson Scott Foresman, via Wikimedia Commons",2026-10-07
adenoids,4.jpg,https://commons.wikimedia.org/wiki/File:Adenoid_hypertrophy.jpg,CC-BY-SA 4.0,"scientificanimations.com, via Wikimedia Commons",2026-10-07
adhd,1.jpg,https://commons.wikimedia.org/wiki/File:ADHD.jpg,CC-BY-SA 4.0,"scientificanimations.com, via Wikimedia Commons",2026-10-07
adhd,2.jpg,https://commons.wikimedia.org/wiki/File:Adhd_brain_timelapse.jpg,Public Domain,"National Institute of Mental Health, via Wikimedia Commons",2026-10-07
allergic-rhinitis,1.jpg,https://commons.wikimedia.org/wiki/File:Allergic_salute.jpg,CC-BY-SA 4.0,"Elkalpha, via Wikimedia Commons",2026-10-07
allergic-rhinitis,2.jpg,https://commons.wikimedia.org/wiki/File:BrunetteSneeze.jpg,Public Domain,"Vera Kratochvil, via Wikimedia Commons",2026-10-07
allergic-rhinitis,3.jpg,https://commons.wikimedia.org/wiki/File:Blausen_0015_AllergicRhinitis.png,CC-BY 3.0,"BruceBlaus / Blausen.com staff, via Wikimedia Commons",2026-10-07
allergic-rhinitis,4.jpg,https://commons.wikimedia.org/wiki/File:Misc_pollen_colorized.jpg,Public Domain,"Dartmouth Electron Microscope Facility, Dartmouth College, via Wikimedia Commons",2026-10-07
allergy,1.jpg,https://commons.wikimedia.org/wiki/File:Allergy_test_on_arm.jpg,CC0,"Ar945, via Wikimedia Commons",2026-10-07
allergy,2.jpg,https://commons.wikimedia.org/wiki/File:Skin_allergy_testing.jpg,Public Domain,"National Institute of Allergy and Infectious Diseases, via Wikimedia Commons",2026-10-07
allergy,3.jpg,https://commons.wikimedia.org/wiki/File:Allergy_test_on_a_child.jpg,Public Domain,"U.S. Air Force photo by Airman 1st Class Austin Harvill, via Wikimedia Commons",2026-10-07
allergy,4.jpg,"https://commons.wikimedia.org/wiki/File:Pricktest,_2020.jpg",CC-BY 4.0,"Axel Pettersson, via Wikimedia Commons",2026-10-07
alzheimers,1.jpg,https://commons.wikimedia.org/wiki/File:MRI_Alzheimer_Disease_and_Dementia_with_Lewy_Bodies.jpg,CC-BY 4.0,"McKeith IG, Boeve BF, Dickson DW, et al., via Wikimedia Commons",2026-10-07
alzheimers,2.jpg,https://commons.wikimedia.org/wiki/File:PET_scan-normal_brain-alzheimers_disease_brain.PNG,Public Domain,"National Institute on Aging, NIH, via Wikimedia Commons",2026-10-07
alzheimers,3.jpg,https://commons.wikimedia.org/wiki/File:PiB_PET_Images_AD.jpg,CC-BY-SA 3.0,"Klunkwe, via Wikimedia Commons",2026-10-07
alzheimers,4.jpg,"https://commons.wikimedia.org/wiki/File:CSIRO_ScienceImage_9370_Amyloid_beta_plaque_in_the_brain_follows_specific_patterns_as_detected_by_CSIROs_analysis_technique_from_PiB_PET_scans_here_an_AIBL_volunteer_is_receiving_a_PiB_PET_scan.jpg",CC-BY 3.0,"Nick Pitsas, CSIRO, via Wikimedia Commons",2026-10-07
acanthosis-nigricans,2.jpg,https://commons.wikimedia.org/wiki/File:Acanthosis_negricans_-_elbow.jpg,CC-BY-SA 4.0,"via Wikimedia Commons, Vassia Atanassova - Spiritia",2026-10-07
acanthosis-nigricans,3.jpg,https://commons.wikimedia.org/wiki/File:Acanthosis_nigricans.jpg,CC-BY-SA 4.0,"via Wikimedia Commons, Mark F. Brady and Prashanth Rawla",2026-10-07
acanthosis-nigricans,4.jpg,https://commons.wikimedia.org/wiki/File:Familial_acanthosis_nigricans3.jpg,CC-BY-SA 3.0,"via Wikimedia Commons, Vandana Mehta Rai MD DNB and C Balachandran MD",2026-10-07
acne-rosacea,2.jpg,https://commons.wikimedia.org/wiki/File:Acne_rosacea.jpg,CC-BY-SA 3.0,"via Wikimedia Commons, RicHard-59",2026-10-07
acne-rosacea,3.jpg,https://commons.wikimedia.org/wiki/File:Ocular_rosacea.png,CC-BY 4.0,"via Wikimedia Commons, Weinstock L.B. and Myers T.L.",2026-10-07
acne-rosacea,4.jpg,https://commons.wikimedia.org/wiki/File:Rhinophyma.jpg,CC-BY 2.5,"via Wikimedia Commons, Michael Sand, Daniel Sand, Christina Thrandorf, Volker Paech, Peter Altmeyer, Falk G Bechara",2026-10-07
acromegaly,2.jpg,https://commons.wikimedia.org/wiki/File:Acromegalyface2004.jpg,CC0,"via Wikimedia Commons, CSvBibra and Pat von Bibra",2026-10-07
acromegaly,3.jpg,https://commons.wikimedia.org/wiki/File:Acromegaly_facial_features.JPEG,CC-BY 2.0,"via Wikimedia Commons, Philippe Chanson and Sylvie Salenave",2026-10-07
acromegaly,4.jpg,https://commons.wikimedia.org/wiki/File:Hands_and_feet_of_a_patient_suffering_from_acromegaly_Wellcome_L0061368.jpg,CC-BY 4.0,"via Wikimedia Commons, St Bartholomew's Hospital Archives & Museum, Wellcome Images",2026-10-07
addisons-disease,1.jpg,https://commons.wikimedia.org/wiki/File:A_69-Year-Old_Female_with_Tiredness_and_a_Persistent_Tan_01.png,CC-BY 2.5,"via Wikimedia Commons, Petros Perros",2026-10-07
addisons-disease,2.jpg,https://commons.wikimedia.org/wiki/File:A_69-Year-Old_Female_with_Tiredness_and_a_Persistent_Tan_02.png,CC-BY 2.5,"via Wikimedia Commons, Petros Perros",2026-10-07
addisons-disease,3.jpg,https://commons.wikimedia.org/wiki/File:Addison'sLegs.jpg,CC-BY-SA 4.0,"via Wikimedia Commons, James Heilman MD",2026-10-07
addisons-disease,4.jpg,https://commons.wikimedia.org/wiki/File:WomenWithAddison.jpg,CC-BY-SA 4.0,"via Wikimedia Commons, James Heilman MD",2026-10-07
carbuncle,1.jpg,https://commons.wikimedia.org/wiki/File:Carbuncle_on_buttok.JPG,CC-BY 3.0,"via Wikimedia Commons, Drvgaikwad",2026-10-07
carbuncle,2.jpg,https://commons.wikimedia.org/wiki/File:Carbuncle.jpg,CC-BY-SA 4.0,"via Wikimedia Commons, Medicalpal / Dr. Muzammil Irshad",2026-10-07
carbuncle,3.jpg,https://commons.wikimedia.org/wiki/File:Carbuncle_-_nape_of_the_neck_(depiction).jpg,CC0,"via Wikimedia Commons, Dr. Gannavarapu Narasimhamurthy",2026-10-07
carpal-tunnel-syndrome,1.jpg,https://commons.wikimedia.org/wiki/File:Phalen_maneuver.jpg,CC-BY,"via Wikimedia Commons, Dr. Harry Gouvas",2026-10-07
carpal-tunnel-syndrome,2.jpg,"https://commons.wikimedia.org/wiki/File:Carpal_Tunnel_Syndrome,_thenar_atrophy.jpg",CC-BY,"via Wikimedia Commons, Dr. Harry Gouvas (Prevezamuseum)",2026-10-07
carpal-tunnel-syndrome,3.jpg,https://commons.wikimedia.org/wiki/File:Untreated_Carpal_Tunnel_Syndrome.JPG,Public Domain,"via Wikimedia Commons, Dr. Harry Gouvas",2026-10-07
carpal-tunnel-syndrome,4.jpg,https://commons.wikimedia.org/wiki/File:Carpal_tunnel_splint.jpg,Public Domain,"via Wikimedia Commons, SPUI",2026-10-07
cellulitis,1.jpg,https://commons.wikimedia.org/wiki/File:Cellulitis_(of_right_leg).jpg,CC-BY-SA 4.0,"via Wikimedia Commons, S.M. Samee",2026-10-07
cellulitis,2.jpg,https://commons.wikimedia.org/wiki/File:Cellulitis_of_foot_01.jpg,CC-BY-SA 4.0,"via Wikimedia Commons, cbinrva",2026-10-07
cellulitis,3.jpg,https://commons.wikimedia.org/wiki/File:EarlobeCellulitis1Front.JPG,CC-BY-SA 3.0,"via Wikimedia Commons, Jmarchn",2026-10-07
cellulitis,4.jpg,https://commons.wikimedia.org/wiki/File:Cellulitis_Left_Leg.JPG,CC-BY-SA 3.0,"via Wikimedia Commons, Colm Anderson",2026-10-07
cervical-spondylitis,1.jpg,https://commons.wikimedia.org/wiki/File:X-ray_of_cervical_spondylosis.jpg,CC0,"via Wikimedia Commons, Stillwaterising (cropped by Mikael Häggström)",2026-10-07
cervical-spondylitis,2.jpg,https://commons.wikimedia.org/wiki/File:Cervical_Xray_Lateral_View.jpg,CC0,"via Wikimedia Commons, Stillwaterising",2026-10-07
cervical-spondylitis,3.jpg,https://commons.wikimedia.org/wiki/File:Cervical_Xray_Extension_view.jpg,CC0,"via Wikimedia Commons, Stillwaterising",2026-10-07
cervical-spondylitis,4.jpg,https://commons.wikimedia.org/wiki/File:Cervical_kyphosis_and_spondylosis.png,CC-BY-SA 3.0,"via Wikimedia Commons, Jmarchn",2026-10-07
chalazion,1.jpg,https://commons.wikimedia.org/wiki/File:Chalazion_of_the_Eyelid.jpg,CC-BY-SA 2.0,"via Wikimedia Commons, Ed Uthman MD",2026-10-07
chalazion,2.jpg,https://commons.wikimedia.org/wiki/File:Chalazion.jpg,Public Domain,"via Wikimedia Commons, Mickaelgirardo",2026-10-07
chalazion,3.jpg,https://commons.wikimedia.org/wiki/File:ChalazionR.jpg,CC-BY-SA 3.0,"via Wikimedia Commons, Poupig",2026-10-07
chalazion,4.jpg,https://commons.wikimedia.org/wiki/File:Chalazion1.jpg,CC-BY 3.0,"via Wikimedia Commons, Cham",2026-10-07
benign-prostatic-hyperplasia,1.jpg,https://commons.wikimedia.org/wiki/File:Doctor_examines_patient.jpg,Public Domain,"via Wikimedia Commons, National Cancer Institute (Dr. Peter Pinto, Urologic Oncology Branch)",2026-10-07
benign-prostatic-hyperplasia,2.jpg,https://commons.wikimedia.org/wiki/File:Patient_at_doctor%27s_office_waiting_for_a_consultation.jpg,CC0,"via Wikimedia Commons, Courtney Elizabeth",2026-10-07
benign-prostatic-hyperplasia,3.jpg,https://commons.wikimedia.org/wiki/File:Doctor_working_in_her_office_while_using_a_computer_and_taking_notes_during_a_consultation_with_a_patient.jpg,CC-BY 2.0,"via Wikimedia Commons, Nenad Stojkovic",2026-10-07
benign-prostatic-hyperplasia,4.jpg,https://commons.wikimedia.org/wiki/File:Doctor_explains_x-ray_to_patient.jpg,Public Domain,"via Wikimedia Commons, Rhoda Baer / National Cancer Institute",2026-10-07
bipolar-mood-disorder,1.jpg,https://commons.wikimedia.org/wiki/File:A_session_with_a_psychotherapist_(751707089).jpg,CC-BY 2.0,"via Wikimedia Commons, Mike Renlund",2026-10-07
bipolar-mood-disorder,2.jpg,https://commons.wikimedia.org/wiki/File:Counselling_session.jpg,CC0,"via Wikimedia Commons, tiyowprasetyo (via Pixabay)",2026-10-07
bipolar-mood-disorder,3.jpg,https://commons.wikimedia.org/wiki/File:Doctor_talking_with_a_patient.jpg,Public Domain,"via Wikimedia Commons, National Cancer Institute",2026-10-07
bipolar-mood-disorder,4.jpg,https://commons.wikimedia.org/wiki/File:Ilustra%C4%8Dn%C3%AD_foto-konzultace_ISCARE.JPG,CC-BY-SA 3.0 CZ,"via Wikimedia Commons, Martin Lambert",2026-10-07
bronchitis,1.jpg,https://commons.wikimedia.org/wiki/File:Physical_Exam_-_Stethoscope.jpg,Public Domain,"via Wikimedia Commons, National Cancer Institute",2026-10-07
bronchitis,2.jpg,https://commons.wikimedia.org/wiki/File:Female_doctor_listens_to_the_patient_using_a_stethoscope_closeup.jpg,CC-BY 2.0,"via Wikimedia Commons, Nenad Stojkovic",2026-10-07
bronchitis,3.jpg,https://commons.wikimedia.org/wiki/File:Health_checkup_in_a_cozy_room_with_a_stethoscope_and_a_patient_revealing_their_back_undefined.jpg,CC-BY 2.0,"via Wikimedia Commons, Nenad Stojkovic",2026-10-07
bronchitis,4.jpg,https://commons.wikimedia.org/wiki/File:Time_for_a_Check-Up_(7015556295).jpg,CC-BY 2.0,"via Wikimedia Commons, Alex Proimos",2026-10-07
calcaneal-spur,1.jpg,https://commons.wikimedia.org/wiki/File:Projectional_radiography_of_calcaneal_spur.jpg,CC-BY-SA 3.0,"via Wikimedia Commons, Lucien Monfils",2026-10-07
calcaneal-spur,2.jpg,https://commons.wikimedia.org/wiki/File:Calcaneal_Osteophyte_(Bone_Spur).jpg,CC-BY-SA 4.0,"via Wikimedia Commons, Dr. R.S. Pradeep Raj",2026-10-07
calcaneal-spur,3.jpg,https://commons.wikimedia.org/wiki/File:Calcaneal_spurs.jpg,CC-BY-SA 4.0,"via Wikimedia Commons, DiverDave",2026-10-07
calcaneal-spur,4.jpg,https://commons.wikimedia.org/wiki/File:Calcaneal_spur.jpg,CC-BY-SA 3.0,"via Wikimedia Commons, Dr. R.S. Pradeep Raj",2026-10-07
callosities,1.jpg,https://commons.wikimedia.org/wiki/File:Calluses.jpg,CC-BY-SA 3.0,"via Wikimedia Commons, Jmarchn",2026-10-07
callosities,2.jpg,https://commons.wikimedia.org/wiki/File:A_Callus.jpg,CC-BY-SA 4.0,"via Wikimedia Commons, RaoSahil88",2026-10-07
callosities,3.jpg,https://commons.wikimedia.org/wiki/File:Evolucion_de_un_callo.jpg,CC-BY-SA 3.0,"via Wikimedia Commons, Emilio J. Rodriguez Posada (Emijrp)",2026-10-07
callosities,4.jpg,"https://commons.wikimedia.org/wiki/File:Calluses_cover_the_hands_of_a_contestant_participating_in_the_international_military_sports_event_%22Seaweek.%22_-_DPLA_-_c4b298c0b0072df49182bc46b9333206.jpeg",Public Domain,"via Wikimedia Commons / DPLA, PH1 Harold Gerwien, U.S. Department of Defense",2026-10-07
ataxia,1.jpg,https://commons.wikimedia.org/wiki/File:Gait_laboratory.jpg,CC-BY-SA 3.0,"via Wikimedia Commons, D. Gordon E. Robertson",2026-10-07
ataxia,2.jpg,https://commons.wikimedia.org/wiki/File:Spinocerebellar_ataxia.webp,CC-BY 4.0,"via Wikimedia Commons, Roisin Sullivan, Wai Yan Yau, Emer O'Connor & Henry Houlden",2026-10-07
atherosclerosis,1.jpg,https://commons.wikimedia.org/wiki/File:70PerBlockedRtCarotidA.png,CC-BY-SA 4.0,"via Wikimedia Commons, James Heilman, MD",2026-10-07
atherosclerosis,2.jpg,https://commons.wikimedia.org/wiki/File:Carotid_stent.jpg,CC-BY-SA 4.0,"via Wikimedia Commons, Ciernik M",2026-10-07
atherosclerosis,3.jpg,https://commons.wikimedia.org/wiki/File:Internal_carotid_artery_stenosis_in_ultrasound_near_occlusion.jpg,CC-BY-SA 3.0,"via Wikimedia Commons, Mme Mim",2026-10-07
atherosclerosis,4.jpg,https://commons.wikimedia.org/wiki/File:RICA_Stenosis_174302500.jpg,CC-BY-SA 3.0,"via Wikimedia Commons, Nevit Dilmen",2026-10-07
autism,1.jpg,https://commons.wikimedia.org/wiki/File:Autism-stacking-cans_2nd_edit.jpg,CC-BY-SA 3.0,"via Wikimedia Commons, Andwhatsnext / Nancy J Price",2026-10-07
autism,2.jpg,https://commons.wikimedia.org/wiki/File:Autistic_boy_receiving_ABA_therapy.jpg,Public Domain,"via Wikimedia Commons, Kate Blais, U.S. Air Force",2026-10-07
autism,3.jpg,https://commons.wikimedia.org/wiki/File:James_arranging_brads.jpg,CC-BY-SA 4.0,"via Wikimedia Commons, Ohalloranbooks",2026-10-07
autism,4.jpg,https://commons.wikimedia.org/wiki/File:Autism_somali_Center_13.jpg,CC-BY-SA 4.0,"via Wikimedia Commons, Yusuf Hosh",2026-10-07
backache,1.jpg,https://commons.wikimedia.org/wiki/File:Back_view_of_senior_woman_in_uniform_experiencing_spine_pain_at_home_-_51519393372.jpg,CC-BY 2.0,"via Wikimedia Commons, Nenad Stojkovic",2026-10-07
backache,2.jpg,https://commons.wikimedia.org/wiki/File:Guarding_back.jpg,CC-BY-SA 2.0,"via Wikimedia Commons, SanDiego PersonalInjuryAttorney",2026-10-07
backache,3.jpg,https://commons.wikimedia.org/wiki/File:Nonsurgical_spinal_decompression_3.jpg,CC0,"via Wikimedia Commons, Tomwsulcer",2026-10-07
backache,4.jpg,https://commons.wikimedia.org/wiki/File:Spine_Needs_Help.jpg,CC-BY-SA 4.0,"via Wikimedia Commons, Mandeseent",2026-10-07
bells-palsy,1.jpg,https://commons.wikimedia.org/wiki/File:Bell's_Palsy_Symptoms_Mouth_Wide_Open.jpg,CC-BY-SA 4.0,"via Wikimedia Commons, Benjaminginterr",2026-10-07
bells-palsy,2.jpg,https://commons.wikimedia.org/wiki/File:Bell's_Palsy_Symptoms_Show_Your_Teeth.jpg,CC-BY-SA 4.0,"via Wikimedia Commons, Benjaminginterr",2026-10-07
bells-palsy,3.jpg,https://commons.wikimedia.org/wiki/File:Bell's_Palsy_smiling.jpg,CC0,"via Wikimedia Commons, Shantoo",2026-10-07
bells-palsy,4.jpg,https://commons.wikimedia.org/wiki/File:Bells_Palsy_CDC.jpg,Public Domain,"via Wikimedia Commons, CDC",2026-10-07
cheilitis,1.jpg,https://commons.wikimedia.org/wiki/File:Actinic_Cheilitis_Photo.jpg,CC-BY-SA 4.0,"via Wikimedia Commons, Beardfiercely",2026-10-07
cheilitis,2.jpg,https://commons.wikimedia.org/wiki/File:Angular_Cheilitis.JPG,CC-BY-SA 3.0,"via Wikimedia Commons, James Heilman, MD",2026-10-07
cheilitis,3.jpg,https://commons.wikimedia.org/wiki/File:Angular_cheilitis1.jpg,CC-BY-SA 3.0,"via Wikimedia Commons, Matthew Ferguson 57",2026-10-07
cheilitis,4.jpg,https://commons.wikimedia.org/wiki/File:AngularCheilitis5.jpg,CC-BY-SA 2.5,"via Wikimedia Commons, cevah",2026-10-07
child-asthma,1.jpg,https://commons.wikimedia.org/wiki/File:Treating_Kids_with_Asthma.jpg,Public Domain,"via Wikimedia Commons, U.S. Food and Drug Administration",2026-10-07
child-asthma,2.jpg,"https://commons.wikimedia.org/wiki/File:Child_receiving_breathing_treatment_from_healthcare_professional_in_a_medical_setting_during_daytime_undefined.jpg",CC-BY 2.0,"via Wikimedia Commons, Nenad Stojkovic",2026-10-07
child-asthma,3.jpg,"https://commons.wikimedia.org/wiki/File:Treating_Kids_with_Asthma_(5)_(7163885241).jpg",Public Domain,"via Wikimedia Commons, U.S. Food and Drug Administration",2026-10-07
child-asthma,4.jpg,"https://commons.wikimedia.org/wiki/File:Tratamiento_de_los_Ni%C3%B1os_Asm%C3%A1ticos_(2)_(7371616620).jpg",Public Domain,"via Wikimedia Commons, U.S. Food and Drug Administration",2026-10-07
chronic-constipation,1.jpg,https://commons.wikimedia.org/wiki/File:Doctor_talking_with_a_patient.jpg,Public Domain,"via Wikimedia Commons, National Cancer Institute",2026-10-07
chronic-constipation,2.jpg,https://commons.wikimedia.org/wiki/File:Doctor_advises_patient.jpg,Public Domain,"via Wikimedia Commons, National Cancer Institute / Bill Branson",2026-10-07
chronic-constipation,3.jpg,"https://commons.wikimedia.org/wiki/File:Doctor_consults_with_patient_(4).jpg",Public Domain,"via Wikimedia Commons, National Cancer Institute",2026-10-07
chronic-constipation,4.jpg,https://commons.wikimedia.org/wiki/File:Doctor_examines_patient.jpg,Public Domain,"via Wikimedia Commons, National Cancer Institute",2026-10-07
chronic-fatigue-syndrome,1.jpg,https://commons.wikimedia.org/wiki/File:Woman_resting_on_couch_with_visible_signs_of_fatigue.jpg,CC-BY 2.0,"via Wikimedia Commons, Nenad Stojkovic",2026-10-07
chronic-fatigue-syndrome,2.jpg,"https://commons.wikimedia.org/wiki/File:A_tired_senior_man_taking_a_break_and_sipping_coffee_from_a_vintage_cup._(51619575810).jpg",CC-BY 2.0,"via Wikimedia Commons, Nenad Stojkovic",2026-10-07
chronic-fatigue-syndrome,3.jpg,https://commons.wikimedia.org/wiki/File:Top_view_of_a_woman_stretching_on_a_yoga_mat.jpg,CC-BY 2.0,"via Wikimedia Commons, Nenad Stojkovic",2026-10-07
chronic-fatigue-syndrome,4.jpg,https://commons.wikimedia.org/wiki/File:Hammock_nap_on_patio.jpg,CC-BY-SA 2.0,"via Wikimedia Commons, Michael Nutt",2026-10-07
chronic-kidney-disease,1.jpg,https://commons.wikimedia.org/wiki/File:Patient_receiving_dialysis_03.jpg,CC0,"via Wikimedia Commons, Anna Frodesiak",2026-10-07
chronic-kidney-disease,2.jpg,"https://commons.wikimedia.org/wiki/File:Dialysis_-_arm_-_01.jpg",CC0,"via Wikimedia Commons, Anna Frodesiak",2026-10-07
chronic-kidney-disease,3.jpg,https://commons.wikimedia.org/wiki/File:Peritoneal_dialysis_machine.jpg,CC-BY-SA 3.0,"via Wikimedia Commons, Ashashyou",2026-10-07
chronic-kidney-disease,4.jpg,https://commons.wikimedia.org/wiki/File:Hemodialysismachine.jpg,CC-BY-SA 3.0,"via Wikimedia Commons, Patrick Glanz",2026-10-07
depression,1.jpg,https://commons.wikimedia.org/wiki/File:Counselling_session.jpg,CC0,"via Wikimedia Commons, tiyowprasetyo",2026-10-07
depression,2.jpg,https://commons.wikimedia.org/wiki/File:Social_Work-Talk.jpg,CC-BY 2.0,"via Wikimedia Commons, Army Medicine / Patricia Deal, CRDAMC Public Affairs",2026-10-07
depression,3.jpg,https://commons.wikimedia.org/wiki/File:Occupational_Therapy_session.jpg,CC-BY 2.0,"via Wikimedia Commons, sabreguy29",2026-10-07
depression,4.jpg,https://commons.wikimedia.org/wiki/File:Mental_Health_Message.jpg,CC0,"via Wikimedia Commons, Wokandapix",2026-10-07
diabetes-type-1,1.jpg,https://commons.wikimedia.org/wiki/File:Insulin_Application.jpg,Public Domain,"via Wikimedia Commons, Mr Hyde (cs.wikipedia)",2026-10-07
diabetes-type-1,2.jpg,https://commons.wikimedia.org/wiki/File:Subcutaneous_injection_with_insulin_needle.jpg,CC-BY 4.0,"via Wikimedia Commons, British Columbia Institute of Technology (BCIT)",2026-10-07
diabetes-type-1,3.jpg,https://commons.wikimedia.org/wiki/File:Subcutaneous_injection_with_insulin_needle_2.jpg,CC-BY 4.0,"via Wikimedia Commons, British Columbia Institute of Technology (BCIT)",2026-10-07
diabetes-type-1,4.jpg,https://commons.wikimedia.org/wiki/File:Insulinspritze_2018.jpg,CC-BY-SA 4.0,"via Wikimedia Commons, VSchagow",2026-10-07
dry-eye,1.jpg,https://commons.wikimedia.org/wiki/File:Eye_drop.jpg,CC-BY 2.0,"via Wikimedia Commons, National Eye Institute, National Institutes of Health",2026-10-07
dry-eye,2.jpg,https://commons.wikimedia.org/wiki/File:Man_taking_eyedrops.jpg,CC-BY 2.0,"via Wikimedia Commons, Lars Andreas (Oslo, Norway)",2026-10-07
dry-eye,3.jpg,https://commons.wikimedia.org/wiki/File:Slit_lamp_eye_exam.jpg,CC-BY-SA 3.0,"via Wikimedia Commons, Mike Blyth",2026-10-07
dry-eye,4.jpg,https://commons.wikimedia.org/wiki/File:Duratears_oogdruppels_voor_droge_ogen.jpg,CC-BY-SA 4.0,"via Wikimedia Commons, F04",2026-10-07
dyslexia,1.jpg,https://commons.wikimedia.org/wiki/File:Parent_helps_child_with_homework_during_afternoon_study_session_at_home.jpg,CC-BY 2.0,"via Wikimedia Commons, Nenad Stojković",2026-10-07
dyslexia,2.jpg,https://commons.wikimedia.org/wiki/File:Early_literacy.jpg,CC-BY-SA 4.0,"via Wikimedia Commons, TEACHRwanda",2026-10-07
dyslexia,3.jpg,https://commons.wikimedia.org/wiki/File:Reading_time.jpg,CC-BY 2.0,"via Wikimedia Commons, Andrew Turner",2026-10-07
dyslexia,4.jpg,https://commons.wikimedia.org/wiki/File:Red_House_School_English_class.jpg,Public Domain,"via Wikimedia Commons, Jallinson01 (en.wikipedia)",2026-10-07
dysmenorrhea,1.jpg,https://commons.wikimedia.org/wiki/File:Hot_water_bottle_for_menstrual_pain.jpg,CC-BY-SA 4.0,"via Wikimedia Commons, Vulvani (Givrs)",2026-10-07
chyluria,1.jpg,https://commons.wikimedia.org/wiki/File:Doctor_examines_patient.jpg,Public Domain,"via Wikimedia Commons, National Cancer Institute (Dr. Peter Pinto, Urologic Oncology Branch)",2026-10-07
chyluria,2.jpg,"https://commons.wikimedia.org/wiki/File:Patient_at_doctor%27s_office_waiting_for_a_consultation.jpg",CC0,"via Wikimedia Commons, Courtney Elizabeth",2026-10-07
chyluria,3.jpg,https://commons.wikimedia.org/wiki/File:Dipstick_urinalysis.jpg,CC-BY-SA 4.0,"via Wikimedia Commons, Spicy",2026-10-07
chyluria,4.jpg,https://commons.wikimedia.org/wiki/File:Doctor_working_in_her_office_while_using_a_computer_and_taking_notes_during_a_consultation_with_a_patient.jpg,CC-BY 2.0,"via Wikimedia Commons, Nenad Stojkovic",2026-10-07
copd,1.jpg,"https://commons.wikimedia.org/wiki/File:Miner_spirometry_(9253624711).jpg",Public Domain,"via Wikimedia Commons, National Institute for Occupational Safety and Health (NIOSH)",2026-10-07
copd,2.jpg,https://commons.wikimedia.org/wiki/File:DoingSpirometry.JPG,CC-BY-SA 3.0,"via Wikimedia Commons, Jmarchn",2026-10-07
copd,3.jpg,"https://commons.wikimedia.org/wiki/File:Performing_Spirometry_-_Health_Check-up_Camp_-_NCSM_-_Salt_Lake_City_-_Kolkata_2017-06-21_2939.JPG",CC-BY 3.0,"via Wikimedia Commons, Biswarup Ganguly",2026-10-07
copd,4.jpg,https://commons.wikimedia.org/wiki/File:Simple_face_mask.jpg,CC-BY-SA 4.0,"via Wikimedia Commons, James Heilman, MD",2026-10-07
crohns-disease,1.jpg,"https://commons.wikimedia.org/wiki/File:M_Crohn,_vred_kolonu.jpg",CC-BY-SA 3.0,"via Wikimedia Commons, Bungi",2026-10-07
crohns-disease,2.jpg,https://commons.wikimedia.org/wiki/File:Metastatic_cutaneous_Crohn_disease_on_lower_leg.jpg,CC-BY 4.0,"via Wikimedia Commons, Oskarww",2026-10-07
crohns-disease,3.jpg,"https://commons.wikimedia.org/wiki/File:Partnership_in_Practice-_U_S_,_Panamanian_Gastro_Teams_Tackle_Backlog_Together_(9335558).jpg",Public Domain,"via Wikimedia Commons, Andrea Jenkins / U.S. Air Force",2026-10-07
cystitis,1.jpg,https://commons.wikimedia.org/wiki/File:Doctor_examines_patient.jpg,Public Domain,"via Wikimedia Commons, National Cancer Institute (Dr. Peter Pinto, Urologic Oncology Branch)",2026-10-07
cystitis,2.jpg,"https://commons.wikimedia.org/wiki/File:Patient_at_doctor%27s_office_waiting_for_a_consultation.jpg",CC0,"via Wikimedia Commons, Courtney Elizabeth",2026-10-07
cystitis,3.jpg,https://commons.wikimedia.org/wiki/File:Doctor_working_in_her_office_while_using_a_computer_and_taking_notes_during_a_consultation_with_a_patient.jpg,CC-BY 2.0,"via Wikimedia Commons, Nenad Stojkovic",2026-10-07
dandruff,1.jpg,https://commons.wikimedia.org/wiki/File:Excessive_dandruff.jpg,CC-BY-SA 3.0,"via Wikimedia Commons, Hmochoa95",2026-10-07
dandruff,2.jpg,https://commons.wikimedia.org/wiki/File:Dandruff01.jpg,CC-BY-SA 3.0,"via Wikimedia Commons, Horoporo",2026-10-07
dandruff,3.jpg,https://commons.wikimedia.org/wiki/File:Dandruff_with_Hair.jpg,CC-BY-SA 4.0,"via Wikimedia Commons, BestShah",2026-10-07
